{"cameraMode":{"drawMode":0,"name":"Shaded","section":"Shading Mode"},"sceneLighting":true,"audioPlay":false,"sceneViewState":{"showFog":true,"showMaterialUpdate":false,"showSkybox":true,"showFlares":true,"showImageEffects":true,"showParticleSystems":true},"in2DMode":false,"pivot":{"x":-0.5462111234664917,"y":3.4220175743103029,"z":5.14828634262085},"rotation":{"x":0.1733723133802414,"y":0.43207278847694399,"z":-0.08503543585538864,"w":0.8809241056442261},"size":5.966026306152344,"orthographic":false}