{"cameraMode":{"drawMode":0,"name":"Shaded","section":"Shading Mode"},"sceneLighting":true,"audioPlay":false,"sceneViewState":{"showFog":true,"showMaterialUpdate":false,"showSkybox":true,"showFlares":true,"showImageEffects":true,"showParticleSystems":true},"in2DMode":false,"pivot":{"x":14.109439849853516,"y":6.531497001647949,"z":3.1373367309570314},"rotation":{"x":0.20523318648338319,"y":0.2927974760532379,"z":-0.06450001150369644,"w":0.931663453578949},"size":11.545087814331055,"orthographic":false}